SET REFERENTIAL_INTEGRITY FALSE;
TRUNCATE TABLE product;
TRUNCATE TABLE order_line_item;
TRUNCATE TABLE orders;
TRUNCATE TABLE order_table;
TRUNCATE TABLE menu_product;
TRUNCATE TABLE table_group;
TRUNCATE TABLE menu_group;
TRUNCATE TABLE menu;

INSERT INTO menu_group (id, name) VALUES (1, '중식');
INSERT INTO menu_group (id, name) VALUES (2, '한식');
INSERT INTO menu_group (id, name) VALUES (3, '야식');
INSERT INTO menu_group (id, name) VALUES (4, '신메뉴');

INSERT INTO product (id, name, price) VALUES (1, '후라이드', 16000);
INSERT INTO product (id, name, price) VALUES (2, '양념치킨', 16000);
INSERT INTO product (id, name, price) VALUES (3, '피자', 16000);
INSERT INTO product (id, name, price) VALUES (4, '돈까스', 16000);
INSERT INTO product (id, name, price) VALUES (5, '감자탕', 17000);
INSERT INTO product (id, name, price) VALUES (6, '떡뽂이', 17000);

INSERT INTO menu (id, name, price, menu_group_id) VALUES (1, '후라이드치킨', 16000, 2);
INSERT INTO menu (id, name, price, menu_group_id) VALUES (2, '양념치킨', 16000, 2);
INSERT INTO menu (id, name, price, menu_group_id) VALUES (3, '피자', 16000, 2);
INSERT INTO menu (id, name, price, menu_group_id) VALUES (4, '돈까스', 16000, 2);
INSERT INTO menu (id, name, price, menu_group_id) VALUES (5, '감자탕', 17000, 2);
INSERT INTO menu (id, name, price, menu_group_id) VALUES (6, '떡뽂이', 17000, 2);

INSERT INTO menu_product (menu_id, product_id, quantity) VALUES (1, 1, 1);
INSERT INTO menu_product (menu_id, product_id, quantity) VALUES (2, 2, 1);
INSERT INTO menu_product (menu_id, product_id, quantity) VALUES (3, 3, 1);
INSERT INTO menu_product (menu_id, product_id, quantity) VALUES (4, 4, 1);
INSERT INTO menu_product (menu_id, product_id, quantity) VALUES (5, 5, 1);
INSERT INTO menu_product (menu_id, product_id, quantity) VALUES (6, 6, 1);
INSERT INTO table_group(id, created_date) VALUES(1, CURRENT_TIMESTAMP());
INSERT INTO table_group(id, created_date) VALUES(2, CURRENT_TIMESTAMP());
INSERT INTO order_table (id, number_of_guests, empty) VALUES (1, 0, true);
INSERT INTO order_table (id, number_of_guests, empty) VALUES (2, 0, true);
INSERT INTO order_table (id, table_group_id, number_of_guests, empty) VALUES (3, 2, 3, false);
INSERT INTO order_table (id, table_group_id, number_of_guests, empty) VALUES (4, 2, 3, false);
INSERT INTO order_table (id, table_group_id, number_of_guests, empty) VALUES (5, 1, 1, false);
INSERT INTO order_table (id, table_group_id, number_of_guests, empty) VALUES (6, 1, 1, false);
INSERT INTO order_table (id, number_of_guests, empty) VALUES (7, 1, false);
INSERT INTO order_table (id, number_of_guests, empty) VALUES (8, 1, false);
INSERT INTO orders(id, order_table_id, order_status, ordered_time) VALUES (1, 7, 'COOKING', CURRENT_TIMESTAMP());
INSERT INTO orders(id, order_table_id, order_status, ordered_time) VALUES (2, 8, 'MEAL', CURRENT_TIMESTAMP());
INSERT INTO orders(id, order_table_id, order_status, ordered_time) VALUES (3, 3, 'COOKING', CURRENT_TIMESTAMP());
INSERT INTO orders(id, order_table_id, order_status, ordered_time) VALUES (4, 4, 'COOKING', CURRENT_TIMESTAMP());
INSERT INTO orders(id, order_table_id, order_status, ordered_time) VALUES (5, 1, 'COMPLETION', CURRENT_TIMESTAMP());
INSERT INTO order_line_item(seq, order_id, menu_id, quantity) VALUES (1, 1, 1, 1);
INSERT INTO order_line_item(seq, order_id, menu_id, quantity) VALUES (2, 2, 2, 2);
SET REFERENTIAL_INTEGRITY TRUE;